id,price,qty,quoteQty,time,isBuyerMaker,isBestMatch
197797878,0.03223500,0.77200000,0.02488542,1603171561144,True,True
197797879,0.03223600,0.40300000,0.01299110,1603171561164,False,True
197797880,0.03223500,0.78700000,0.02536894,1603171561236,True,True
197797881,0.03223500,10.54500000,0.33991807,1603171561333,True,True
197797882,0.03223500,9.02600000,0.29095311,1603171561430,True,True
197797883,0.03223500,3.36700000,0.10853524,1603171561430,True,True
197797884,0.03223500,0.01000000,0.00032235,1603171561430,True,True
197797885,0.03223400,0.01400000,0.00045127,1603171561443,True,True
197797886,0.03223100,1.00000000,0.03223100,1603171561647,True,True
197797887,0.03223000,0.04000000,0.00128920,1603171561760,True,True
197797888,0.03223000,0.00600000,0.00019338,1603171561760,True,True
197797889,0.03223000,0.00700000,0.00022561,1603171561760,True,True
197797890,0.03222800,3.55200000,0.11447385,1603171562061,True,True
197797891,0.03222900,0.08100000,0.00261054,1603171562962,False,True
197797892,0.03222900,6.03300000,0.19443755,1603171563626,False,True
197797893,0.03222900,0.40300000,0.01298828,1603171564129,False,True
197797894,0.03222800,8.00000000,0.25782400,1603171565327,True,True
197797895,0.03222800,0.92400000,0.02977867,1603171565448,True,True
197797896,0.03222800,0.36100000,0.01163430,1603171565541,True,True
197797897,0.03222800,0.24300000,0.00783140,1603171565664,True,True
197797898,0.03222800,0.35000000,0.01127980,1603171565756,True,True
197797899,0.03222800,0.34300000,0.01105420,1603171565887,True,True
197797900,0.03222800,0.41200000,0.01327793,1603171565967,True,True
197797901,0.03222800,0.32900000,0.01060301,1603171566100,True,True
197797902,0.03222800,0.32300000,0.01040964,1603171566192,True,True
197797903,0.03222800,0.43800000,0.01411586,1603171566277,True,True
197797904,0.03222800,0.30900000,0.00995845,1603171566402,True,True
197797905,0.03222800,0.58000000,0.01869224,1603171566488,True,True
197797906,0.03222800,2.47200000,0.07966761,1603171567287,True,True
197797907,0.03222900,0.11600000,0.00373856,1603171567447,False,True
197797908,0.03222800,0.69000000,0.02223732,1603171567755,True,True
197797909,0.03222800,0.58000000,0.01869224,1603171567857,True,True
197797910,0.03222800,3.03200000,0.09771529,1603171568069,True,True
197797911,0.03222900,0.04600000,0.00148253,1603171569133,False,True
197797912,0.03222900,0.06100000,0.00196596,1603171570162,False,True
197797913,0.03222800,2.52100000,0.08124678,1603171571326,True,True
197797914,0.03222800,0.29100000,0.00937834,1603171571328,True,True
197797915,0.03222800,4.12800000,0.13303718,1603171571351,True,True
197797916,0.03222800,2.41500000,0.07783062,1603171571399,True,True
197797917,0.03222800,2.32200000,0.07483341,1603171571468,True,True
197797918,0.03222800,2.11000000,0.06800108,1603171571493,True,True
197797919,0.03222800,2.68800000,0.08662886,1603171571528,True,True
197797920,0.03222800,0.58700000,0.01891783,1603171571576,True,True
197797921,0.03222800,0.00500000,0.00016114,1603171571576,True,True
197797922,0.03222800,0.00400000,0.00012891,1603171571576,True,True
197797923,0.03222800,0.00600000,0.00019336,1603171571576,True,True
197797924,0.03222700,0.02000000,0.00064454,1603171571594,True,True
197797925,0.03222700,2.27400000,0.07328419,1603171571594,True,True
197797926,0.03222700,5.30300000,0.17089978,1603171571682,True,True
197797927,0.03222700,1.53800000,0.04956512,1603171571785,True,True
197797928,0.03222700,0.15600000,0.00502741,1603171573145,False,True
197797929,0.03222700,0.40300000,0.01298748,1603171574143,False,True
197797930,0.03222700,0.10700000,0.00344828,1603171576189,False,True
197797931,0.03222600,0.01500000,0.00048339,1603171578411,True,True
197797932,0.03222500,0.00800000,0.00025780,1603171578411,True,True
197797933,0.03222500,0.00400000,0.00012890,1603171578411,True,True
197797934,0.03222500,0.00600000,0.00019335,1603171578411,True,True
197797935,0.03222500,0.00500000,0.00016112,1603171578411,True,True
197797936,0.03222300,0.00600000,0.00019333,1603171578411,True,True
197797937,0.03222200,0.03800000,0.00122443,1603171578411,True,True
197797938,0.03222200,14.37300000,0.46312680,1603171578519,True,True
197797939,0.03222200,14.69200000,0.47340562,1603171578637,True,True
197797940,0.03222200,10.89700000,0.35112313,1603171578717,True,True
197797941,0.03222200,0.00600000,0.00019333,1603171578717,True,True
197797942,0.03222200,1.97100000,0.06350956,1603171578717,True,True
197797943,0.03222200,15.28300000,0.49244882,1603171578820,True,True
197797944,0.03222200,0.77100000,0.02484316,1603171578933,True,True
197797945,0.03222100,1.00000000,0.03222100,1603171579030,True,True
197797946,0.03222100,15.72100000,0.50654634,1603171579255,True,True
197797947,0.03222100,8.27900000,0.26675765,1603171579361,True,True
197797948,0.03222100,16.26500000,0.52407456,1603171579469,True,True
197797949,0.03222100,7.73500000,0.24922943,1603171579582,True,True
197797950,0.03222100,16.15200000,0.52043359,1603171579680,True,True
197797951,0.03222100,7.84800000,0.25287040,1603171579789,True,True
197797952,0.03222200,0.20000000,0.00644440,1603171579812,False,True
197797953,0.03222100,6.37100000,0.20527999,1603171579898,True,True
197797954,0.03222100,0.58000000,0.01868818,1603171579991,True,True
197797955,0.03222100,0.58000000,0.01868818,1603171580124,True,True
197797956,0.03222200,0.15600000,0.00502663,1603171580148,False,True
197797957,0.03222100,14.51900000,0.46781669,1603171580200,True,True
197797958,0.03222100,1.95000000,0.06283095,1603171580313,True,True
197797959,0.03222100,12.57300000,0.40511463,1603171580418,True,True
197797960,0.03222200,0.05200000,0.00167554,1603171580455,False,True
197797961,0.03222200,0.04800000,0.00154665,1603171580455,False,True
197797962,0.03222100,11.42700000,0.36818936,1603171580523,True,True
197797963,0.03222100,0.20000000,0.00644420,1603171580579,True,True
197797964,0.03222100,17.04900000,0.54933582,1603171580682,True,True
197797965,0.03222100,1.52400000,0.04910480,1603171580745,True,True
197797966,0.03222100,5.22700000,0.16841916,1603171580843,True,True
197797967,0.03222100,15.01900000,0.48392719,1603171580957,True,True
197797968,0.03222100,1.04600000,0.03370316,1603171581254,True,True
197797969,0.03222200,0.00800000,0.00025777,1603171581942,False,True
197797970,0.03222200,0.10000000,0.00322220,1603171583663,False,True
197797971,0.03222200,0.06800000,0.00219109,1603171584424,False,True
197797972,0.03222200,0.04100000,0.00132110,1603171587343,False,True
197797973,0.03222000,0.00400000,0.00012888,1603171587778,True,True
197797974,0.03222000,0.30500000,0.00982710,1603171587778,True,True
197797975,0.03222100,0.11800000,0.00380207,1603171589442,False,True
197797976,0.03222200,0.95900000,0.03090089,1603171589850,False,True
197797977,0.03222300,1.12000000,0.03608976,1603171590190,False,True
197797978,0.03222200,0.11200000,0.00360886,1603171590248,True,True
197797979,0.03222200,0.14300000,0.00460774,1603171591999,True,True
197797980,0.03222200,3.11300000,0.10030708,1603171594520,True,True
197797981,0.03222300,3.60000000,0.11600280,1603171595437,False,True
197797982,0.03222200,0.15000000,0.00483330,1603171608968,True,True
197797983,0.03222300,0.01000000,0.00032223,1603171611554,False,True
197797984,0.03222900,0.65500000,0.02110999,1603171611902,False,True
197797985,0.03222900,0.11200000,0.00360964,1603171612001,False,True
197797986,0.03223100,1.00000000,0.03223100,1603171612327,False,True
197797987,0.03223100,2.20500000,0.07106935,1603171612425,False,True
197797988,0.03223100,0.01800000,0.00058015,1603171613952,False,True
197797989,0.03223000,7.74600000,0.24965358,1603171614352,False,True
197797990,0.03223100,2.87200000,0.09256743,1603171614998,False,True
197797991,0.03223100,2.05500000,0.06623470,1603171616483,False,True
197797992,0.03222900,1.33500000,0.04302571,1603171623254,True,True
197797993,0.03223100,0.37400000,0.01205439,1603171624904,False,True
197797994,0.03223100,0.15500000,0.00499580,1603171624906,False,True
197797995,0.03223100,0.54500000,0.01756589,1603171624908,False,True
197797996,0.03223100,0.26100000,0.00841229,1603171624909,False,True
197797997,0.03223200,4.62800000,0.14916969,1603171624964,False,True
197797998,0.03223200,0.31000000,0.00999192,1603171625366,False,True
197797999,0.03223200,0.65000000,0.02095080,1603171625691,False,True
197798000,0.03223200,0.62000000,0.01998384,1603171625833,False,True
197798001,0.03223200,0.41600000,0.01340851,1603171626723,False,True
197798002,0.03223200,0.37700000,0.01215146,1603171628096,False,True
197798003,0.03223200,0.63300000,0.02040285,1603171628298,False,True
197798004,0.03223200,16.34500000,0.52683204,1603171629013,False,True
197798005,0.03223200,12.54000000,0.40418928,1603171629116,False,True
197798006,0.03223200,3.48100000,0.11219959,1603171629237,False,True
197798007,0.03223200,0.01000000,0.00032232,1603171629237,False,True
197798008,0.03222700,0.20700000,0.00667098,1603171636419,True,True
197798009,0.03222800,0.07800000,0.00251378,1603171639145,False,True
197798010,0.03222800,0.16900000,0.00544653,1603171640778,False,True
197798011,0.03222700,0.36800000,0.01185953,1603171641351,True,True
197798012,0.03222800,7.38000000,0.23784264,1603171645390,False,True
197798013,0.03222800,2.87300000,0.09259104,1603171645483,False,True
197798014,0.03222800,0.02600000,0.00083792,1603171650188,False,True
197798015,0.03222900,0.89600000,0.02887718,1603171663073,False,True
197798016,0.03222900,0.51200000,0.01650124,1603171667507,False,True
197798017,0.03222900,0.09500000,0.00306175,1603171667817,False,True
197798018,0.03222800,0.02600000,0.00083792,1603171676817,True,True
197798019,0.03222800,0.93500000,0.03013318,1603171676817,True,True
197798020,0.03223000,2.16400000,0.06974572,1603171677787,False,True
197798021,0.03223000,0.37100000,0.01195733,1603171678506,False,True
197798022,0.03223000,2.95300000,0.09517519,1603171678718,False,True
197798023,0.03222900,0.25600000,0.00825062,1603171684603,False,True
197798024,0.03222900,0.35200000,0.01134460,1603171684608,False,True
197798025,0.03222900,0.27200000,0.00876628,1603171684608,False,True
197798026,0.03222900,0.12000000,0.00386748,1603171684608,False,True
197798027,0.03223100,9.03800000,0.29130377,1603171684666,False,True
197798028,0.03223100,4.17300000,0.13449996,1603171684702,False,True
197798029,0.03223100,0.00800000,0.00025784,1603171684702,False,True
197798030,0.03223600,0.05900000,0.00190192,1603171687270,True,True
197798031,0.03223000,4.11500000,0.13262645,1603171690925,True,True
197798032,0.03223000,0.55300000,0.01782319,1603171690925,True,True
197798033,0.03222900,0.21400000,0.00689700,1603171690925,True,True
197798034,0.03222900,1.98900000,0.06410348,1603171690925,True,True
197798035,0.03223100,0.04700000,0.00151485,1603171691065,False,True
197798036,0.03223000,7.10500000,0.22899415,1603171694918,False,True
197798037,0.03223000,0.93000000,0.02997390,1603171697652,False,True
197798038,0.03223000,0.17500000,0.00564025,1603171698262,False,True
197798039,0.03223000,15.18800000,0.48950924,1603171703272,False,True
197798040,0.03223000,0.60200000,0.01940246,1603171703846,False,True
197798041,0.03223100,0.07700000,0.00248178,1603171704029,False,True
197798042,0.03223000,0.31000000,0.00999130,1603171704342,False,True
197798043,0.03223000,3.69000000,0.11892870,1603171704667,False,True
197798044,0.03223000,6.96700000,0.22454641,1603171704667,False,True
197798045,0.03223000,0.62900000,0.02027267,1603171704769,False,True
197798046,0.03222900,1.00000000,0.03222900,1603171704871,False,True
197798047,0.03222800,1.21500000,0.03915702,1603171705222,True,True
197798048,0.03222700,0.87600000,0.02823085,1603171705222,True,True
197798049,0.03222900,0.01200000,0.00038674,1603171706919,False,True
197798050,0.03222900,0.03000000,0.00096687,1603171707027,False,True
197798051,0.03222900,0.01500000,0.00048343,1603171707126,False,True
197798052,0.03222900,0.01500000,0.00048343,1603171707231,False,True
197798053,0.03222900,0.40900000,0.01318166,1603171707375,False,True
197798054,0.03223000,15.37500000,0.49553625,1603171707375,False,True
197798055,0.03223200,0.08900000,0.00286864,1603171717784,False,True
197798056,0.03223200,0.09900000,0.00319096,1603171717878,False,True
197798057,0.03223200,0.09900000,0.00319096,1603171718439,False,True
197798058,0.03223100,0.36800000,0.01186100,1603171723886,True,True
197798059,0.03223200,0.12700000,0.00409346,1603171727155,False,True
197798060,0.03223100,0.93000000,0.02997483,1603171732192,False,True
197798061,0.03223100,0.29500000,0.00950814,1603171738494,False,True
197798062,0.03223200,17.54500000,0.56551044,1603171740865,False,True
197798063,0.03222700,0.16700000,0.00538190,1603171752345,True,True
197798064,0.03222500,1.00000000,0.03222500,1603171752586,True,True
197798065,0.03222700,2.79600000,0.09010669,1603171755066,True,True
197798066,0.03222700,0.02900000,0.00093458,1603171757087,True,True
197798067,0.03222700,0.08600000,0.00277152,1603171757087,True,True
197798068,0.03222900,0.01000000,0.00032229,1603171763145,False,True
197798069,0.03223000,21.19500000,0.68311485,1603171763145,False,True
197798070,0.03222900,2.84500000,0.09169150,1603171767305,False,True
197798071,0.03222800,1.00000000,0.03222800,1603171769125,False,True
197798072,0.03222800,21.19900000,0.68320137,1603171772529,False,True
197798073,0.03222800,1.32100000,0.04257318,1603171773685,True,True
197798074,0.03222800,0.79300000,0.02555680,1603171776804,True,True
197798075,0.03222600,0.01000000,0.00032226,1603171778387,True,True
197798076,0.03222600,1.09700000,0.03535192,1603171778387,True,True
197798077,0.03222800,0.40600000,0.01308456,1603171781947,False,True
197798078,0.03222700,3.11800000,0.10048378,1603171784279,True,True
197798079,0.03222700,1.21500000,0.03915580,1603171784370,True,True
197798080,0.03222700,2.48900000,0.08021300,1603171792448,False,True
197798081,0.03222700,13.01300000,0.41936995,1603171792448,False,True
197798082,0.03222500,0.31800000,0.01024755,1603171794197,True,True
197798083,0.03222700,4.24000000,0.13664248,1603171798137,False,True
197798084,0.03222700,0.85200000,0.02745740,1603171801075,False,True
197798085,0.03222700,1.40700000,0.04534338,1603171801387,False,True
197798086,0.03222700,0.20300000,0.00654208,1603171801752,False,True
197798087,0.03222700,0.00600000,0.00019336,1603171801781,False,True
197798088,0.03222200,0.02200000,0.00070888,1603171810305,True,True
197798089,0.03222200,1.04600000,0.03370421,1603171810305,True,True
197798090,0.03222200,0.31000000,0.00998882,1603171811557,True,True
197798091,0.03222300,0.01900000,0.00061223,1603171812102,False,True
197798092,0.03222200,1.35000000,0.04349970,1603171812287,True,True
197798093,0.03222200,0.31000000,0.00998882,1603171813976,True,True
197798094,0.03222200,0.32500000,0.01047215,1603171814413,True,True
197798095,0.03222200,0.29200000,0.00940882,1603171815550,True,True
197798096,0.03222200,2.35200000,0.07578614,1603171816511,True,True
197798097,0.03222200,0.62000000,0.01997764,1603171816616,True,True
197798098,0.03222200,0.31000000,0.00998882,1603171817645,True,True
197798099,0.03222200,0.31000000,0.00998882,1603171817652,True,True
197798100,0.03222200,2.79400000,0.09002826,1603171817748,True,True
197798101,0.03222200,1.32100000,0.04256526,1603171818087,True,True
197798102,0.03222200,1.47200000,0.04743078,1603171818175,True,True
197798103,0.03222200,0.31000000,0.00998882,1603171818845,True,True
197798104,0.03222200,0.58600000,0.01888209,1603171819028,True,True
197798105,0.03222200,3.96100000,0.12763134,1603171819243,True,True
197798106,0.03222200,0.31000000,0.00998882,1603171819944,True,True
197798107,0.03222200,3.44000000,0.11084368,1603171821633,True,True
197798108,0.03222200,0.60000000,0.01933320,1603171821738,True,True
197798109,0.03222200,0.31000000,0.00998882,1603171822419,True,True
197798110,0.03222200,0.31000000,0.00998882,1603171822989,True,True
197798111,0.03222200,0.31000000,0.00998882,1603171823229,True,True
197798112,0.03222200,1.81900000,0.05861181,1603171823447,True,True
197798113,0.03222200,0.31000000,0.00998882,1603171823669,True,True
197798114,0.03222200,1.88700000,0.06080291,1603171823764,True,True
197798115,0.03222200,2.09800000,0.06760175,1603171824197,True,True
197798116,0.03222300,0.04600000,0.00148225,1603171824245,False,True
197798117,0.03222200,0.31000000,0.00998882,1603171824397,True,True
197798118,0.03222200,0.31000000,0.00998882,1603171825141,True,True
197798119,0.03222200,0.31000000,0.00998882,1603171825757,True,True
197798120,0.03222200,0.31000000,0.00998882,1603171826073,True,True
197798121,0.03222200,0.31000000,0.00998882,1603171826391,True,True
197798122,0.03222200,0.31000000,0.00998882,1603171826802,True,True
197798123,0.03222200,0.31000000,0.00998882,1603171827128,True,True
197798124,0.03222200,0.31000000,0.00998882,1603171827557,True,True
197798125,0.03222200,2.59700000,0.08368053,1603171827779,True,True
197798126,0.03222200,1.57900000,0.05087853,1603171831240,True,True
197798127,0.03222200,0.31000000,0.00998882,1603171831771,True,True
197798128,0.03222200,1.18700000,0.03824751,1603171831879,True,True
197798129,0.03222200,1.21400000,0.03911750,1603171831978,True,True
197798130,0.03222200,1.57000000,0.05058854,1603171832078,True,True
197798131,0.03222200,0.00400000,0.00012888,1603171832078,True,True
197798132,0.03222100,1.00000000,0.03222100,1603171832512,True,True
197798133,0.03222000,0.23400000,0.00753948,1603171832982,True,True
197798134,0.03222000,0.07600000,0.00244872,1603171833163,True,True
197798135,0.03222100,0.01200000,0.00038665,1603171836313,False,True
197798136,0.03222100,0.20500000,0.00660530,1603171836759,False,True
197798137,0.03222200,0.51000000,0.01643322,1603171836759,False,True
197798138,0.03222100,1.07900000,0.03476645,1603171836942,True,True
197798139,0.03222100,0.58200000,0.01875262,1603171837223,True,True
197798140,0.03222000,0.15100000,0.00486522,1603171837365,True,True
197798141,0.03222000,0.00700000,0.00022554,1603171837365,True,True
197798142,0.03222000,0.12800000,0.00412416,1603171837365,True,True
197798143,0.03222000,0.09500000,0.00306090,1603171838877,True,True
197798144,0.03222000,0.31000000,0.00998820,1603171839167,True,True
197798145,0.03222100,0.48800000,0.01572384,1603171839514,False,True
197798146,0.03222100,0.17000000,0.00547757,1603171839514,False,True
197798147,0.03222000,0.31000000,0.00998820,1603171839684,True,True
197798148,0.03222000,0.31000000,0.00998820,1603171840200,True,True
197798149,0.03222100,0.83000000,0.02674343,1603171840707,False,True
197798150,0.03222200,0.34900000,0.01124547,1603171840707,False,True
197798151,0.03222000,0.31000000,0.00998820,1603171841138,True,True
197798152,0.03222000,0.62100000,0.02000862,1603171841345,True,True
197798153,0.03222000,0.14400000,0.00463968,1603171842133,True,True
197798154,0.03222000,6.55100000,0.21107322,1603171844169,True,True
197798155,0.03221900,1.87900000,0.06053950,1603171845107,True,True
197798156,0.03222100,0.99600000,0.03209211,1603171846106,False,True
197798157,0.03222100,1.00000000,0.03222100,1603171851856,False,True
197798158,0.03222100,3.10100000,0.09991732,1603171853015,True,True
197798159,0.03222100,0.10800000,0.00347986,1603171854336,True,True
197798160,0.03222100,0.10800000,0.00347986,1603171854336,True,True
197798161,0.03222100,0.10800000,0.00347986,1603171854336,True,True
197798162,0.03222100,0.10800000,0.00347986,1603171854336,True,True
197798163,0.03222100,0.10800000,0.00347986,1603171854336,True,True
197798164,0.03222100,0.10800000,0.00347986,1603171854337,True,True
197798165,0.03222100,0.10800000,0.00347986,1603171854337,True,True
197798166,0.03222100,0.10800000,0.00347986,1603171854337,True,True
197798167,0.03222100,0.10800000,0.00347986,1603171854337,True,True
197798168,0.03222100,0.10800000,0.00347986,1603171854339,True,True
197798169,0.03222100,0.10800000,0.00347986,1603171854339,True,True
197798170,0.03222100,0.10800000,0.00347986,1603171854339,True,True
197798171,0.03222100,0.10800000,0.00347986,1603171854339,True,True
197798172,0.03222100,0.10800000,0.00347986,1603171854339,True,True
197798173,0.03222100,0.10800000,0.00347986,1603171854341,True,True
197798174,0.03222100,0.10800000,0.00347986,1603171854341,True,True
197798175,0.03222100,0.10800000,0.00347986,1603171854341,True,True
197798176,0.03222100,0.10800000,0.00347986,1603171854341,True,True
197798177,0.03222100,0.10800000,0.00347986,1603171854341,True,True
197798178,0.03222100,0.10800000,0.00347986,1603171854341,True,True
197798179,0.03222100,0.10800000,0.00347986,1603171854341,True,True
197798180,0.03222100,0.10800000,0.00347986,1603171854341,True,True
197798181,0.03222100,0.10800000,0.00347986,1603171854342,True,True
197798182,0.03222100,0.10800000,0.00347986,1603171854342,True,True
197798183,0.03222100,0.10800000,0.00347986,1603171854343,True,True
197798184,0.03222100,0.10800000,0.00347986,1603171854343,True,True
197798185,0.03222100,0.10800000,0.00347986,1603171854343,True,True
197798186,0.03222100,0.10800000,0.00347986,1603171854343,True,True
197798187,0.03222100,0.10800000,0.00347986,1603171854344,True,True
197798188,0.03222100,0.10800000,0.00347986,1603171854345,True,True
197798189,0.03222100,0.10800000,0.00347986,1603171854345,True,True
197798190,0.03222100,0.10800000,0.00347986,1603171854345,True,True
197798191,0.03222100,0.10800000,0.00347986,1603171854345,True,True
197798192,0.03222100,0.10800000,0.00347986,1603171854345,True,True
197798193,0.03222100,0.10800000,0.00347986,1603171854346,True,True
197798194,0.03222100,0.10800000,0.00347986,1603171854346,True,True
197798195,0.03222100,0.10800000,0.00347986,1603171854348,True,True
197798196,0.03222100,0.10800000,0.00347986,1603171854348,True,True
197798197,0.03222100,0.10800000,0.00347986,1603171854349,True,True
197798198,0.03222100,0.10800000,0.00347986,1603171854349,True,True
197798199,0.03222100,0.10800000,0.00347986,1603171854350,True,True
197798200,0.03222100,0.10800000,0.00347986,1603171854369,True,True
197798201,0.03222100,0.10800000,0.00347986,1603171854369,True,True
197798202,0.03222100,0.10800000,0.00347986,1603171854372,True,True
197798203,0.03222100,0.10800000,0.00347986,1603171854375,True,True
197798204,0.03222200,2.42200000,0.07804168,1603171854382,False,True
197798205,0.03222300,0.43500000,0.01401700,1603171854382,False,True
197798206,0.03222100,1.22700000,0.03953516,1603171854445,True,True
197798207,0.03221900,1.64100000,0.05287137,1603171854445,True,True
197798208,0.03222200,0.95000000,0.03061090,1603171856722,False,True
197798209,0.03221900,0.14500000,0.00467175,1603171859053,True,True
197798210,0.03222200,1.76800000,0.05696849,1603171859189,False,True
197798211,0.03222100,1.00000000,0.03222100,1603171861525,False,True
197798212,0.03222000,1.29400000,0.04169268,1603171861765,True,True
197798213,0.03222000,1.21400000,0.03911508,1603171861879,True,True
197798214,0.03222000,0.61400000,0.01978308,1603171863332,True,True
197798215,0.03222100,1.00000000,0.03222100,1603171865263,False,True
197798216,0.03222200,2.60800000,0.08403497,1603171865263,False,True
197798217,0.03221900,0.06100000,0.00196535,1603171868715,True,True
197798218,0.03221900,1.95100000,0.06285926,1603171869122,True,True
197798219,0.03221900,0.14400000,0.00463953,1603171869442,True,True
197798220,0.03222200,2.92300000,0.09418490,1603171869958,False,True
197798221,0.03222000,5.52000000,0.17785440,1603171870898,True,True
197798222,0.03222000,2.01500000,0.06492330,1603171872641,True,True
197798223,0.03222000,0.07700000,0.00248094,1603171872699,True,True
197798224,0.03222200,3.02800000,0.09756821,1603171873825,False,True
197798225,0.03222200,0.45200000,0.01456434,1603171873825,False,True
197798226,0.03222100,0.18900000,0.00608976,1603171874214,True,True
197798227,0.03222000,0.45700000,0.01472454,1603171875763,False,True
197798228,0.03222000,7.79900000,0.25128378,1603171875763,False,True
197798229,0.03221900,3.02000000,0.09730138,1603171875860,True,True
197798230,0.03221900,0.54500000,0.01755935,1603171878802,True,True
197798231,0.03222000,0.40300000,0.01298466,1603171880194,False,True
197798232,0.03221900,2.53900000,0.08180404,1603171880698,True,True
197798233,0.03221800,2.56900000,0.08276804,1603171882503,True,True
197798234,0.03221800,0.17600000,0.00567036,1603171882538,True,True
197798235,0.03221800,2.19700000,0.07078294,1603171882567,True,True
197798236,0.03221800,2.76200000,0.08898611,1603171882617,True,True
197798237,0.03221800,31.42700000,1.01251508,1603171882637,True,True
197798238,0.03221800,0.86900000,0.02799744,1603171882759,True,True
197798239,0.03221700,0.00800000,0.00025773,1603171882814,True,True
197798240,0.03221700,0.00700000,0.00022551,1603171882814,True,True
197798241,0.03221700,0.03700000,0.00119202,1603171882814,True,True
197798242,0.03221500,0.00700000,0.00022550,1603171882952,True,True
197798243,0.03221500,0.00400000,0.00012886,1603171882952,True,True
197798244,0.03221500,0.00400000,0.00012886,1603171882952,True,True
197798245,0.03221500,0.00600000,0.00019329,1603171882952,True,True
197798246,0.03221400,0.00900000,0.00028992,1603171882952,True,True
197798247,0.03221400,0.04000000,0.00128856,1603171882952,True,True
197798248,0.03221300,0.05200000,0.00167507,1603171882952,True,True
197798249,0.03221300,3.08900000,0.09950595,1603171883014,True,True
197798250,0.03221200,0.30000000,0.00966360,1603171883014,True,True
197798251,0.03221200,0.56800000,0.01829641,1603171883356,True,True
197798252,0.03221200,0.25300000,0.00814963,1603171883459,True,True
197798253,0.03221200,2.36700000,0.07624580,1603171883599,True,True
197798254,0.03221200,2.43000000,0.07827516,1603171883659,True,True
197798255,0.03221200,2.15200000,0.06932022,1603171883784,True,True
197798256,0.03221200,0.54600000,0.01758775,1603171884220,True,True
197798257,0.03221300,0.03300000,0.00106302,1603171884321,False,True
197798258,0.03221200,2.42900000,0.07824294,1603171884363,True,True
197798259,0.03221200,2.49500000,0.08036894,1603171884560,True,True
197798260,0.03221200,2.13300000,0.06870819,1603171884682,True,True
197798261,0.03221200,0.80700000,0.02599508,1603171886795,True,True
197798262,0.03221200,2.77800000,0.08948493,1603171892374,True,True
197798263,0.03221200,2.37500000,0.07650350,1603171892404,True,True
197798264,0.03221200,1.55200000,0.04999302,1603171892764,True,True
197798265,0.03221200,16.81500000,0.54164478,1603171893404,True,True
197798266,0.03221200,0.04600000,0.00148175,1603171893404,True,True
197798267,0.03221200,0.04100000,0.00132069,1603171893404,True,True
197798268,0.03221200,2.83900000,0.09144986,1603171893520,True,True
197798269,0.03221200,3.63600000,0.11712283,1603171895013,False,True
197798270,0.03221300,0.08700000,0.00280253,1603171895821,False,True
197798271,0.03221100,1.00000000,0.03221100,1603171897839,True,True
197798272,0.03221200,0.20000000,0.00644240,1603171897982,False,True
197798273,0.03221100,0.31000000,0.00998541,1603171898126,True,True
197798274,0.03221100,0.31000000,0.00998541,1603171898435,True,True
197798275,0.03221200,0.31000000,0.00998572,1603171898777,True,True
197798276,0.03221200,0.31000000,0.00998572,1603171898967,True,True
197798277,0.03221100,0.31000000,0.00998541,1603171899065,True,True
197798278,0.03221100,0.20000000,0.00644220,1603171899139,True,True
197798279,0.03221100,0.07800000,0.00251245,1603171899574,True,True
197798280,0.03221100,0.07800000,0.00251245,1603171899577,True,True
197798281,0.03221200,3.50400000,0.11287084,1603171899600,False,True
197798282,0.03221100,0.11500000,0.00370426,1603171899765,True,True
197798283,0.03221100,2.11200000,0.06802963,1603171899846,True,True
197798284,0.03221200,3.18500000,0.10259522,1603171904644,False,True
197798285,0.03221100,1.70700000,0.05498417,1603171904712,True,True
197798286,0.03221300,0.01000000,0.00032213,1603171906665,False,True
197798287,0.03221300,2.55100000,0.08217536,1603171908011,False,True
197798288,0.03221300,21.35200000,0.68781197,1603171913067,False,True
197798289,0.03221400,0.01000000,0.00032214,1603171913067,False,True
197798290,0.03221500,24.00000000,0.77316000,1603171913067,False,True
197798291,0.03221500,4.66800000,0.15037962,1603171913067,False,True
197798292,0.03221300,0.11200000,0.00360785,1603171913677,True,True
197798293,0.03221000,0.00600000,0.00019326,1603171919709,True,True
197798294,0.03221000,0.06100000,0.00196481,1603171919709,True,True
197798295,0.03221000,0.01300000,0.00041873,1603171919709,True,True
197798296,0.03221000,7.05700000,0.22730597,1603171920078,False,True
197798297,0.03221000,0.78400000,0.02525264,1603171926450,False,True
197798298,0.03221000,3.56900000,0.11495749,1603171928597,False,True
197798299,0.03221000,2.45400000,0.07904334,1603171928626,False,True
197798300,0.03221000,0.35900000,0.01156339,1603171928721,False,True
197798301,0.03221400,0.03100000,0.00099863,1603171935827,False,True
197798302,0.03221400,0.03100000,0.00099863,1603171937830,False,True
197798303,0.03221500,0.01000000,0.00032215,1603171938826,False,True
197798304,0.03221800,0.02100000,0.00067657,1603171938826,False,True
197798305,0.03221800,0.01500000,0.00048327,1603171940874,False,True
197798306,0.03221600,1.00000000,0.03221600,1603171942425,True,True
197798307,0.03221600,1.00000000,0.03221600,1603171943292,True,True
197798308,0.03221500,1.03500000,0.03334252,1603171943292,True,True
197798309,0.03221500,1.00000000,0.03221500,1603171943302,True,True
197798310,0.03221300,0.01000000,0.00032213,1603171943387,True,True
197798311,0.03221200,2.80100000,0.09022581,1603171943387,True,True
197798312,0.03221400,0.71300000,0.02296858,1603171944153,False,True
197798313,0.03221300,0.06200000,0.00199720,1603171944230,True,True
197798314,0.03221400,0.07100000,0.00228719,1603171944692,False,True
197798315,0.03221400,0.40300000,0.01298224,1603171945138,False,True
197798316,0.03221400,1.98200000,0.06384814,1603171945909,True,True
197798317,0.03221400,0.57900000,0.01865190,1603171946017,True,True
197798318,0.03221400,1.30500000,0.04203927,1603171946119,True,True
197798319,0.03221400,1.00000000,0.03221400,1603171946119,True,True
197798320,0.03221600,0.42600000,0.01372401,1603171958639,False,True
197798321,0.03221700,0.50900000,0.01639845,1603171960524,True,True
197798322,0.03221800,4.83700000,0.15583846,1603171962422,False,True
197798323,0.03221800,4.13400000,0.13318921,1603171962660,False,True
197798324,0.03221800,0.10800000,0.00347954,1603171962839,False,True
197798325,0.03221800,0.31000000,0.00998758,1603171962955,False,True
197798326,0.03221800,0.17800000,0.00573480,1603171963912,False,True
197798327,0.03221800,0.03200000,0.00103097,1603171964646,False,True
197798328,0.03221700,0.11500000,0.00370495,1603171966036,True,True
197798329,0.03221800,1.00100000,0.03225021,1603171970707,False,True
197798330,0.03221800,1.97000000,0.06346946,1603171972383,False,True
197798331,0.03221800,6.17700000,0.19901058,1603171972490,False,True
197798332,0.03221800,0.33500000,0.01079303,1603171976753,False,True
197798333,0.03221700,1.50500000,0.04848658,1603171982447,True,True
197798334,0.03221700,1.25000000,0.04027125,1603171982772,True,True
197798335,0.03221800,0.31000000,0.00998758,1603171983908,False,True
197798336,0.03221800,0.31000000,0.00998758,1603171984233,False,True
197798337,0.03221800,0.69000000,0.02223042,1603171984385,False,True
197798338,0.03221900,0.01000000,0.00032219,1603171984466,False,True
197798339,0.03221900,0.24300000,0.00782921,1603171984466,False,True
197798340,0.03221900,0.46100000,0.01485295,1603171984482,False,True
197798341,0.03221900,0.19300000,0.00621826,1603171984489,False,True
197798342,0.03222000,1.01800000,0.03279996,1603171985182,False,True
197798343,0.03222000,0.97600000,0.03144672,1603171985282,False,True
197798344,0.03222000,0.93900000,0.03025458,1603171985378,False,True
197798345,0.03222000,0.90400000,0.02912688,1603171985491,False,True
197798346,0.03222000,0.87000000,0.02803140,1603171985594,False,True
197798347,0.03222000,0.83700000,0.02696814,1603171985696,False,True
197798348,0.03221800,0.03700000,0.00119206,1603171986142,False,True
197798349,0.03221800,0.96300000,0.03102593,1603171986369,False,True
197798350,0.03221800,0.08700000,0.00280296,1603171987156,True,True
197798351,0.03221900,1.00000000,0.03221900,1603171988410,False,True
197798352,0.03221900,1.21900000,0.03927496,1603171991703,False,True
197798353,0.03222000,18.45600000,0.59465232,1603171994605,False,True
197798354,0.03221900,3.93600000,0.12681398,1603171994675,True,True
197798355,0.03222000,0.65700000,0.02116854,1603171995074,False,True
197798356,0.03221900,0.11900000,0.00383406,1603171997608,True,True
197798357,0.03222000,0.93100000,0.02999682,1603171997662,False,True
197798358,0.03221900,0.64100000,0.02065237,1603171998438,True,True
197798359,0.03221800,1.97700000,0.06369498,1603171999615,False,True
197798360,0.03221800,6.35500000,0.20474539,1603171999651,False,True
197798361,0.03221800,3.76700000,0.12136520,1603172001586,False,True
197798362,0.03221700,0.88600000,0.02854426,1603172021713,True,True
197798363,0.03221600,5.58700000,0.17999079,1603172022247,True,True
197798364,0.03221600,0.03400000,0.00109534,1603172022329,True,True
197798365,0.03221600,0.17600000,0.00567001,1603172022972,True,True
197798366,0.03221600,0.16300000,0.00525120,1603172024126,True,True
197798367,0.03221600,0.09700000,0.00312495,1603172024226,True,True
197798368,0.03221600,0.08500000,0.00273836,1603172024329,True,True
197798369,0.03221600,0.05700000,0.00183631,1603172024451,True,True
197798370,0.03221600,0.05100000,0.00164301,1603172024530,True,True
197798371,0.03221600,0.03400000,0.00109534,1603172024744,True,True
197798372,0.03221500,0.16900000,0.00544433,1603172027181,True,True
197798373,0.03221500,0.11000000,0.00354365,1603172029651,True,True
197798374,0.03221500,0.65700000,0.02116525,1603172029651,True,True
197798375,0.03221500,0.35900000,0.01156518,1603172029745,True,True
197798376,0.03221500,0.40600000,0.01307929,1603172029860,True,True
197798377,0.03221500,0.40200000,0.01295043,1603172029978,True,True
